id,name,model_id:id,group_id:id,perm_read,perm_write,perm_create,perm_unlink
access_zra_config_user,zra.config.user,model_zra_config,account.group_account_invoice,1,0,0,0
access_zra_config_manager,zra.config.manager,model_zra_config,account.group_account_manager,1,1,1,1
access_zra_api_log_user,zra.api.log.user,model_zra_api_log,account.group_account_invoice,1,0,0,0
access_zra_api_log_manager,zra.api.log.manager,model_zra_api_log,account.group_account_manager,1,1,1,1
access_zra_stock_adjustment_user,zra.stock.adjustment.user,model_zra_stock_adjustment,stock.group_stock_user,1,1,1,1
access_zra_stock_adjustment_manager,zra.stock.adjustment.manager,model_zra_stock_adjustment,stock.group_stock_manager,1,1,1,1
access_zra_import_declaration_user,zra.import.declaration.user,model_zra_import_declaration,stock.group_stock_user,1,0,0,0
access_zra_import_declaration_manager,zra.import.declaration.manager,model_zra_import_declaration,stock.group_stock_manager,1,1,1,1
access_zra_import_declaration_line_user,zra.import.declaration.line.user,model_zra_import_declaration_line,stock.group_stock_user,1,0,0,0
access_zra_import_declaration_line_manager,zra.import.declaration.line.manager,model_zra_import_declaration_line,stock.group_stock_manager,1,1,1,1
access_zra_import_declaration_fetch_user,zra.import.declaration.fetch.user,model_zra_import_declaration_fetch,stock.group_stock_user,1,1,1,1
access_zra_import_declaration_fetch_manager,zra.import.declaration.fetch.manager,model_zra_import_declaration_fetch,stock.group_stock_manager,1,1,1,1
access_zra_purchase_fetch_user,zra.purchase.fetch.user,model_zra_purchase_fetch,account.group_account_invoice,1,1,1,1
access_zra_purchase_fetch_manager,zra.purchase.fetch.manager,model_zra_purchase_fetch,account.group_account_manager,1,1,1,1
access_zra_classification_code_user,zra.classification.code.user,model_zra_classification_code,base.group_user,1,0,0,0
access_zra_classification_code_manager,zra.classification.code.manager,model_zra_classification_code,account.group_account_manager,1,1,1,1
access_zra_standard_code_user,zra.standard.code.user,model_zra_standard_code,base.group_user,1,0,0,0
access_zra_standard_code_manager,zra.standard.code.manager,model_zra_standard_code,account.group_account_manager,1,1,1,1
access_zra_backup_log_user,zra.backup.log.user,model_zra_backup_log,account.group_account_invoice,1,0,0,0
access_zra_backup_log_manager,zra.backup.log.manager,model_zra_backup_log,account.group_account_manager,1,0,0,0
